<!DOCTYPE suite SYSTEM "http://testng.org/testng-1.0.dtd" >
<suite name="Suite" parallel="true">


<!-- Executing multiple  Packages -->
  <test name="Test1">
     <packages>
  
  
    <package name="package1">
    </package>
    
    <package name="package2">
    </package>
    
    </packages>  
  </test> 
 
  <!-- Executing multiple Classes same  Package --> 
    <test name="Test2">
   <classes>
      <class name="examples_TestNG.Test6_BM_AM">
      </class>
      <class name="examples_TestNG.Test7_BC_AC"/>
    </classes>
  </test>
  

<!-- Executing multiple Classes different Packages -->
    <test name="Test3">
   <classes>
      <class name="package1.Test6_BM_AM">
      </class>
      <class name="examples_TestNG.Test3_Prioritization"/>
    </classes>
  </test>
  
  
  
</suite> 
