
<!DOCTYPE suite SYSTEM "http://testng.org/testng-1.0.dtd" >
<suite name="Suite" parallel="false">
  <test name="Test">
  
  <parameter name="browser" value="Chrome">
  </parameter>
  
 <!--  <groups>
  <run>
  <exclude name="sanity">
  </exclude>
  </run>
  
  </groups> -->
  
  
    <classes>
    
    
      <class name="toipc_ITest.Testresutcontext">
      <methods>
      
      <!--     <include name="testDeleteUser">
          </include> -->
          
            <exclude name="testDeleteUser">
          </exclude>
          
		</methods>
      </class>
      
      
      
    </classes>
  </test> <!-- Test -->
</suite> <!-- Suite -->
